CVE,Rietveld Ids,Google Code Issue Ids,Link,Remove From Study?,Fixed in dep rebase?,Found fix but no inspection?,Searched our DB?,Inspector,Notes
CVE-2029-0000,10854214,,,,,,,,Made up for test data
CVE-2029-0001,6881087,,,,,,,,Made up for test data
CVE-2029-0002,10543131,,,,,,,,Made up for test data
CVE-2029-0003,10282007,,,,,,,,Made up for test data
CVE-2029-0004,27230004,,,,,,,,Made up for test data
CVE-2029-0005,55223005,,,,,,,,Made up for test data
CVE-2029-0006,3044056,,,,,,,,Made up for test data
CVE-2029-0007,16629008,,,,,,,,Made up for test data
CVE-2029-0008,6811013,,,,,,,,Made up for test data
CVE-2029-0009,14125003,,,,,,,,Made up for test data
CVE-2029-0010,149570,,,,,,,,Made up for test data
CVE-2029-0011,16354004,,,,,,,,Made up for test data
CVE-2029-0012,9455004,,,,,,,,Made up for test data
CVE-2029-0013,5686001,,,,,,,,Made up for test data
CVE-2029-0014,4310004,,,,,,,,Made up for test data
CVE-2029-0015,11187021,,,,,,,,Made up for test data
CVE-2029-0016,548010,,,,,,,,Made up for test data
CVE-2029-0017,19587002,,,,,,,,Made up for test data
CVE-2029-0018,8166011,,,,,,,,Made up for test data
CVE-2029-0019,5110008,,,,,,,,Made up for test data
CVE-2029-0020,12092089,,,,,,,,Made up for test data
CVE-2029-0021,6209004,,,,,,,,Made up for test data
CVE-2029-0022,6409043,,,,,,,,Made up for test data
CVE-2029-0023,8933010,,,,,,,,Made up for test data
CVE-2029-0024,6824063,,,,,,,,Made up for test data
CVE-2029-0025,10846003,,,,,,,,Made up for test data
CVE-2029-0026,578003,,,,,,,,Made up for test data
CVE-2029-0027,522008,,,,,,,,Made up for test data
CVE-2029-0028,160333,,,,,,,,Made up for test data
CVE-2029-0029,24373002,,,,,,,,Made up for test data
CVE-2029-0030,15468006,,,,,,,,Made up for test data
CVE-2029-0031,8220018,,,,,,,,Made up for test data
CVE-2029-0032,12334043,,,,,,,,Made up for test data
CVE-2029-0033,12208057,,,,,,,,Made up for test data
CVE-2029-0034,661218,,,,,,,,Made up for test data
CVE-2029-0035,39263008,,,,,,,,Made up for test data
CVE-2029-0036,8515002,,,,,,,,Made up for test data
CVE-2029-0037,20777009,,,,,,,,Made up for test data
CVE-2029-0038,8917010,,,,,,,,Made up for test data
CVE-2029-0039,420003,,,,,,,,Made up for test data
CVE-2029-0040,11348057,,,,,,,,Made up for test data
CVE-2029-0041,38973002,,,,,,,,Made up for test data
CVE-2029-0042,540002,,,,,,,,Made up for test data
CVE-2029-0043,7453015,,,,,,,,Made up for test data
CVE-2029-0044,10356058,,,,,,,,Made up for test data
CVE-2029-0045,10979085,,,,,,,,Made up for test data
CVE-2029-0046,669166,,,,,,,,Made up for test data
CVE-2029-0047,11482002,,,,,,,,Made up for test data
CVE-2029-0048,8983029,,,,,,,,Made up for test data
CVE-2029-0049,10988011,,,,,,,,Made up for test data
CVE-2029-0050,10824249,,,,,,,,Made up for test data
CVE-2029-0051,10414087,,,,,,,,Made up for test data
CVE-2029-0052,66513004,,,,,,,,Made up for test data
CVE-2029-0053,7291025,,,,,,,,Made up for test data
CVE-2029-0054,170012,,,,,,,,Made up for test data
CVE-2029-0055,10896028,,,,,,,,Made up for test data
CVE-2029-0056,10384007,,,,,,,,Made up for test data
CVE-2029-0057,7453015,,,,,,,,Made up for test data
CVE-2029-0058,10356058,,,,,,,,Made up for test data
CVE-2029-0059,10979085,,,,,,,,Made up for test data
CVE-2029-0060,669166,,,,,,,,Made up for test data
CVE-2029-0061,11482002,,,,,,,,Made up for test data
CVE-2029-0062,8983029,,,,,,,,Made up for test data
CVE-2029-0063,10988011,,,,,,,,Made up for test data
CVE-2029-0064,10824249,,,,,,,,Made up for test data
CVE-2029-0065,10414087,,,,,,,,Made up for test data
CVE-2029-0066,66513004,,,,,,,,Made up for test data
CVE-2029-0067,7291025,,,,,,,,Made up for test data
CVE-2029-0068,170012,,,,,,,,Made up for test data
CVE-2029-0069,10896028,,,,,,,,Made up for test data
CVE-2029-0070,10384007,,,,,,,,Made up for test data
CVE-2029-0071,9965007,,,,,,,,Made up for test data
CVE-2029-0072,886005,,,,,,,,Made up for test data
CVE-2029-0073,10307004,,,,,,,,Made up for test data
CVE-2029-0074,9692023,,,,,,,,Made up for test data
CVE-2029-0075,11412180,,,,,,,,Made up for test data
CVE-2029-0076,8430035,,,,,,,,Made up for test data
CVE-2029-0077,11361084,,,,,,,,Made up for test data
CVE-2029-0078,9452025,,,,,,,,Made up for test data
CVE-2029-0079,3564013,,,,,,,,Made up for test data
CVE-2029-0080,11308073,,,,,,,,Made up for test data
CVE-2029-0081,5219003,,,,,,,,Made up for test data
CVE-2029-0082,12902029,,,,,,,,Made up for test data
CVE-2029-0083,11348305,,,,,,,,Made up for test data
CVE-2029-0084,219034,,,,,,,,Made up for test data
CVE-2029-0085,15093008,,,,,,,,Made up for test data
CVE-2029-0086,9557006,,,,,,,,Made up for test data
CVE-2029-0087,10823154,,,,,,,,Made up for test data
CVE-2029-0088,650051,,,,,,,,Made up for test data
CVE-2029-0089,7866019,,,,,,,,Made up for test data
CVE-2029-0090,9325086,,,,,,,,Made up for test data
CVE-2029-0091,551077,,,,,,,,Made up for test data
CVE-2029-0092,12212100,,,,,,,,Made up for test data
CVE-2029-0093,10213,,,,,,,,Made up for test data
CVE-2029-0094,8226024,,,,,,,,Made up for test data
CVE-2029-0095,11420093,,,,,,,,Made up for test data
CVE-2029-0096,6480086,,,,,,,,Made up for test data
CVE-2029-0097,11190026,,,,,,,,Made up for test data
CVE-2029-0098,11418235,,,,,,,,Made up for test data
CVE-2029-0099,10981035,,,,,,,,Made up for test data
CVE-2029-0100,6865003,,,,,,,,Made up for test data
CVE-2029-0101,402068,,,,,,,,Made up for test data
CVE-2029-0102,11415232,,,,,,,,Made up for test data
CVE-2029-0103,12880002,,,,,,,,Made up for test data
CVE-2029-0104,193058,,,,,,,,Made up for test data
CVE-2029-0105,548097,,,,,,,,Made up for test data
CVE-2029-0106,10666027,,,,,,,,
CVE-2029-0107,22978005,,,,,,,,
CVE-2029-0108,11451008,,,,,,,,
CVE-2029-0109,23484019,,,,,,,,
CVE-2029-0110,10222012,,,,,,,,
CVE-2029-0111,9965037,,,,,,,,
CVE-2029-0112,3412026,,,,,,,,
CVE-2029-0113,7452002,,,,,,,,