11.0,third_party/libsrtp/config/config.h
11.0,chrome/browser/ui/cocoa/bookmarks/bookmark_bar_controller.mm
11.0,ipc/ipc_sync_message_unittest.cc
11.0,net/third_party/nss/ssl/ssltrace.c
11.0,chrome/app/resources/platform_locale_settings/locale_settings_linux_ta.xtb
11.0,chrome/browser/ui/cocoa/rwhvm_editcommand_helper.h
11.0,third_party/mesa/MesaLib/src/glsl/hir_field_selection.cpp
11.0,chrome/browser/sync/resources/configure.html
11.0,chrome/browser/ui/cocoa/bookmarks/bookmark_all_tabs_controller_unittest.mm
11.0,app/app.gyp
11.0,third_party/sqlite/src/test/fts2i.test
11.0,third_party/webdriver/py/selenium/remote/webdriver/webelement.py
11.0,webkit/glue/resources/webkit_strings_pl.xtb
11.0,app/resources/maximize_p.png
11.0,third_party/mesa/MesaLib/src/gallium/winsys/SConscript
11.0,third_party/mesa/MesaLib/src/mesa/program/prog_print.h
11.0,gpu/command_buffer/common/id_allocator.h
11.0,chrome/test/data/extensions/api_test/tabs/on_updated/iframeNavigated/iframe1.html
11.0,chrome/test/data/frame_dom_access/frame_level_2.html
11.0,views/widget/root_view_gtk.cc
11.0,chrome/app/theme/statusbar_battery4c.png
11.0,o3d/plugin/idl/effect.idl
11.0,o3d/core/cross/semantic_manager.cc
11.0,chrome/browser/ui/toolbar/back_forward_menu_model.h
11.0,third_party/mesa/MesaLib/src/glu/sgi/libnurbs/nurbtess/partitionX.cc
11.0,o3d/samples/io/init.js
11.0,chrome/browser/chromeos/login/password_changed_view.cc
11.0,base/third_party/dynamic_annotations/README.chromium
11.0,ceee/firefox/locale/en-US/about.dtd
11.0,chrome/common/extensions/docs/static/overview.html
11.0,chrome/common/extensions/docs/examples/extensions/news_i18n/news_icon.png
11.0,chrome/test/data/firefox3_nss/mozcrt19.dll
11.0,net/proxy/init_proxy_resolver.cc
11.0,third_party/npapi/npspy/common/profile.cpp
11.0,chrome/third_party/mozilla_security_manager/nsNSSCertHelper.cpp
11.0,third_party/hyphen/tests/compound3.word
11.0,chrome/test/functional/translate.py
11.0,third_party/sqlite/src/src/vacuum.c
11.0,third_party/tcmalloc/chromium/src/memory_region_map.cc
11.0,chrome/browser/ui/gtk/chrome_gtk_frame.h
11.0,chrome/common/extensions/docs/images/omnibox.png
11.0,chrome/browser/ui/gtk/options/options_window_gtk.cc
11.0,chrome/browser/search_engines/template_url_fetcher_unittest.cc
11.0,chrome_frame/test/data/initialize_hidden.html
11.0,third_party/mesa/MesaLib/src/egl/drivers/glx/Makefile
11.0,app/gfx/gl/gl_interface.h
11.0,skia/ext/data/vectorcanvastest/lineorientation/03_pc_vertical_180.png
11.0,chrome/common/page_transition_types.cc
11.0,third_party/mesa/MesaLib/src/mesa/main/scissor.c
11.0,views/widget/root_view_win.cc
11.0,chrome/browser/ui/gtk/gtk_chrome_shrinkable_hbox.cc
11.0,chrome_frame/com_message_event.cc
11.0,chrome/browser/shell_integration_win.cc
11.0,chrome/common/extensions/docs/examples/api/omnibox/simple-example/background.html
11.0,chrome/app/policy/policy_templates_sw.xtb
11.0,chrome/app/theme/download_button_center_top.png
11.0,chrome/test/data/chromeos/mobile_activation.html
11.0,chrome/browser/ui/cocoa/browser_window_factory.mm
11.0,chrome/test/data/columns.html
11.0,chrome/test/data/extensions/api_test/tabs/basics/move.html
11.0,base/allocator/allocator_unittests.cc
11.0,chrome/test/data/extensions/api_test/popup/popup_from_infobar/in-popup.html
11.0,chrome/common/file_utilities_messages.h
11.0,third_party/libjingle/overrides/talk/base/scoped_ptr.h
11.0,chrome/test/data/extensions/api_test/tabs/basics/a.html
11.0,chrome/test/ui/javascript_test_util.cc
11.0,chrome/common/extensions/docs/examples/tutorials/analytics/analytics-extension-icon-48.png
11.0,net/socket/nss_ssl_util.cc
11.0,chrome/browser/debugger/manual_tests/resources/mutate-frame-2.html
11.0,chrome/test/data/extensions/subscribe_page_action/_locales/ca/messages.json
11.0,o3d/core/cross/image_utils_test.cc
11.0,views/widget/default_theme_provider.h
11.0,chrome/browser/ui/gtk/process_singleton_dialog.cc
11.0,ppapi/proxy/ppb_url_request_info_proxy.cc
11.0,third_party/libevent/event.3
11.0,chrome/browser/remoting/setup_flow_login_step.cc
11.0,tools/valgrind/gtest_exclude/media_unittests.gtest-tsan_win32.txt
11.0,ui/base/clipboard/clipboard.cc
11.0,webkit/tools/test_shell/mock_webclipboard_impl.cc
11.0,chrome/common/pref_names.cc
11.0,net/data/ssl/certificates/client.p12
11.0,third_party/mesa/MesaLib/src/glu/sgi/libnurbs/internals/reader.cc
11.0,chrome/common/guid_win.cc
11.0,ppapi/proxy/ppapi_param_traits.h
11.0,third_party/sqlite/src/test/tkt3918.test
11.0,chrome/test/data/encoding_tests/alias_mapping/ISO-8859-2.html
11.0,third_party/mesa/MesaLib/src/gallium/auxiliary/util/u_cpu_detect.c
11.0,o3d/import/cross/iarchive_generator.h
11.0,chrome/browser/sync/protocol/password_specifics.proto
11.0,base/win/pe_image.cc
11.0,chrome/browser/chromeos/cros/cros_in_process_browser_test.cc
11.0,chrome/browser/printing/cloud_print/cloud_print_url.cc
11.0,third_party/mesa/MesaLib/src/gallium/winsys/r600/drm/bof.h
11.0,chrome/browser/accessibility/browser_accessibility_manager.h
11.0,chrome/common/extensions/docs/examples/extensions/irc/conf/jetty.xml
11.0,remoting/client/plugin/pepper_view.cc
11.0,chrome/browser/webdata/autofill_change.cc
11.0,chrome/test/startup/startup_test.cc
11.0,third_party/mesa/MesaLib/src/gallium/drivers/galahad/Makefile
11.0,gpu/command_buffer/docs/gles2_cmd_format_docs.txt
11.0,chrome/test/webdriver/DEPS
11.0,third_party/hyphen/tests/base.pat
11.0,chrome/browser/chromeos/user_cros_settings_provider.cc
11.0,third_party/libevent/linux/config.h
11.0,net/data/cache_tests/remove_load1/data_1
11.0,chrome/test/data/google/google.html
11.0,courgette/win32_x86_patcher.h
11.0,base/win/pe_image.h
11.0,o3d/samples/waterdemo/assets/deepwater/deepwater.8.png
11.0,sandbox/src/job_unittest.cc
11.0,skia/ext/data/vectorcanvastest/pathorientation/01_vc_drawpath_rtl.png
11.0,ui/base/dragdrop/drop_target.h
11.0,third_party/mesa/MesaLib/src/gallium/auxiliary/os/os_stream.h
11.0,courgette/streams.cc
11.0,o3d/tests/common/win/system_test.h
11.0,third_party/hyphen/tests/basealt2.test
11.0,base/json/json_writer.h
11.0,net/disk_cache/mem_backend_impl.cc
11.0,tools/grit/grit/format/policy_templates/writers/xml_writer_base_unittest.py
11.0,net/disk_cache/hash.h
11.0,app/test/data/resource.h
11.0,chrome/browser/ui/cocoa/floating_bar_backing_view_unittest.mm
11.0,chrome/browser/password_manager/encryptor_password_mac.h
11.0,chrome/app/resources/terms/terms_pl.html
11.0,chrome/test/data/extensions/l10n/cdakfjkehipfnofphlponafnbnglaafl/1.0/manifest.json
11.0,media/audio/fake_audio_output_stream.cc
11.0,chrome/renderer/resources/error_app.html
11.0,sandbox/src/sync_interception.h
11.0,o3d/installer/mac/O3D_Stats/O3D_StatsPane.h
11.0,views/controls/table/table_view_observer.h
11.0,third_party/mesa/MesaLib/src/mesa/drivers/dri/i915/i915_context.h
11.0,webkit/plugins/npapi/webplugin_delegate.cc
11.0,chrome/browser/sessions/session_id.cc
11.0,net/data/url_request_unittest/with-headers.html.mock-http-headers
11.0,third_party/mesa/MesaLib/src/glu/sgi/libnurbs/nurbtess/partitionY.cc
11.0,chrome/browser/chromeos/preferences.h
11.0,chrome/browser/ui/cocoa/applescript/examples/window_operations.applescript
11.0,remoting/protocol/mock_objects.h
11.0,third_party/mesa/MesaLib/src/egl/main/egl.pc.in
11.0,third_party/mesa/MesaLib/src/gallium/drivers/cell/ppu/cell_batch.h
11.0,net/spdy/spdy_http_stream.h
11.0,chrome/renderer/extensions/renderer_extension_bindings.cc
11.0,third_party/sqlite/src/test/ioerr3.test
11.0,chrome/browser/ui/cocoa/location_bar/autocomplete_text_field_cell_unittest.mm
11.0,base/event_recorder.h
11.0,third_party/libxml/src/check-xml-test-suite.py
11.0,webkit/plugins/ppapi/DEPS
11.0,net/url_request/url_request_simple_job.cc
11.0,chrome/browser/dom_ui/options/font_settings_utils_win.cc
11.0,net/data/proxy_resolver_v8_unittest/return_unicode.js
11.0,chrome/common/extensions/docs/server/app.yaml
11.0,o3d/samples/o3d-webgl-samples/render-targets.html
11.0,chrome/browser/ui/views/detachable_toolbar_view.h
11.0,chrome/browser/ui/cocoa/install.sh
11.0,chrome/browser/debugger/manual_tests/profiler-test-basic-grid-functionality.html
11.0,third_party/mesa/MesaLib/src/mapi/glapi/glapi_x86.S
11.0,net/third_party/mozilla_security_manager/nsNSSCertificateDB.h
11.0,chrome/renderer/spellchecker/spellcheck.cc
11.0,third_party/mesa/MesaLib/src/glu/sgi/libnurbs/internals/ccw.cc
11.0,net/http/des.cc
11.0,chrome/browser/keychain_mock_mac.h
11.0,ui/base/animation/multi_animation_unittest.cc
11.0,third_party/tcmalloc/vendor/src/tests/profiler_unittest.sh
11.0,chrome/renderer/external_extension.h
11.0,third_party/mesa/MesaLib/docs/relnotes-7.9.html
11.0,third_party/mesa/MesaLib/src/gallium/tests/graw/tri-instanced.c
11.0,app/resources/app_locale_settings_pl.xtb
11.0,ppapi/cpp/image_data.cc
11.0,chrome/test/data/web_database/version_22.sql
11.0,chrome/common/extensions/docs/examples/extensions/wave/chrome_ex_oauth.js
11.0,chrome/test/webdriver/keymap.h
11.0,views/controls/textfield/native_textfield_views_unittest.cc
11.0,third_party/libjingle/libjingle.gyp
11.0,third_party/protobuf/src/google/protobuf/wire_format_unittest.cc
11.0,chrome/browser/search_engines/search_terms_data.cc
11.0,third_party/tcmalloc/vendor/src/base/spinlock_win32-inl.h
11.0,chrome/test/data/extensions/api_test/executescript/permissions/script.js
11.0,chrome/browser/printing/cloud_print/cloud_print_url.h
11.0,third_party/mesa/MesaLib/src/gallium/drivers/i965/brw_cc.c
11.0,chrome/browser/ui/cocoa/repost_form_warning_mac.mm
11.0,net/base/cookie_monster_unittest.cc
11.0,ceee/ie/common/ceee_util_unittest.cc
11.0,third_party/mesa/MesaLib/src/glsl/glsl_parser.cpp
11.0,third_party/mesa/MesaLib/src/mesa/sparc/sparc.h
11.0,chrome/browser/ui/cocoa/bookmarks/bookmark_bar_constants.h
11.0,third_party/lcov/bin/install.sh
11.0,third_party/tcmalloc/chromium/src/windows/ia32_opcode_map.cc
11.0,chrome/test/functional/OWNERS
11.0,third_party/mesa/MesaLib/src/mesa/drivers/dri/r300/radeon_cs_space_drm.c
11.0,third_party/mesa/MesaLib/src/gallium/tests/unit/Makefile
11.0,third_party/sqlite/src/src/btmutex.c
11.0,third_party/mesa/MesaLib/src/mesa/drivers/dri/mga/mgacontext.h
11.0,third_party/cld/encodings/compact_lang_det/win/cld_google.h
11.0,third_party/mesa/MesaLib/src/mesa/sources.mak
11.0,chrome/browser/extensions/extension_webrequest_api_constants.cc
11.0,chrome/test/data/inspector/dummy.js
11.0,third_party/tlslite/tlslite/integration/__init__.py
11.0,media/filters/omx_video_decoder.cc
11.0,o3d/core/cross/tree_traversal_test.cc
11.0,base/test/test_switches.h
11.0,third_party/tcmalloc/chromium/src/base/low_level_alloc.cc
11.0,third_party/mesa/MesaLib/src/mesa/program/nvfragparse.c
11.0,chrome/browser/sync/notifier/registration_manager.h
11.0,chrome/gpu/gpu_info_collector_linux.cc
11.0,third_party/talloc/libreplace/timegm.c
11.0,chrome/common/extensions/docs/static/omnibox.html
11.0,third_party/hyphen/ooopatch.sed
11.0,third_party/tcmalloc/vendor/src/common.cc
11.0,third_party/hyphen/tbhyphext.sh
11.0,third_party/mesa/MesaLib/src/mesa/drivers/dri/radeon/radeon_texture.h
11.0,o3d/samples/beachdemo/shaders_cg/proxy.cg
11.0,chrome/test/data/dom_automation/string_escape/test.html
11.0,skia/ext/canvas_paint.h
11.0,o3d/samples/box2d-3d/demos/pendulum.js
11.0,third_party/tcmalloc/vendor/doc/tcmalloc-opspercpusec.vs.threads.4096.bytes.png
11.0,third_party/mesa/MesaLib/src/mesa/drivers/dri/i915/intel_render.c
11.0,chrome/browser/importer/mork_reader.cc
11.0,chrome/test/data/extensions/api_test/get_views/manifest.json
11.0,ceee/ie/broker/chrome_postman.h
11.0,third_party/mesa/MesaLib/src/gallium/drivers/rbug/rbug_context.c
11.0,third_party/sqlite/src/test/join.test
11.0,third_party/mesa/MesaLib/src/gallium/drivers/i965/brw_wm_iz.c
11.0,chrome/test/data/autofill_heuristics/input/form_ru.html
11.0,base/win/scoped_bstr.cc
11.0,chrome/test/data/extensions/profiles/content_scripts10/Default/Extensions/lgmapeiimomfdbfphldobhhpoaoafaci/1.0/script.js
11.0,sandbox/sandbox_poc/pocdll/pocdll.vcproj
11.0,chrome/browser/ui/cocoa/location_bar/bubble_decoration.h
11.0,chrome/test/data/downloads/dangerous/download-dangerous.html
11.0,third_party/mesa/MesaLib/configs/hpux11-32-static-nothreads
11.0,chrome_frame/test/data/fulltab_before_unload_event_main.html
11.0,third_party/tlslite/tlslite/utils/OpenSSL_RSAKey.py
11.0,webkit/glue/media/OWNERS
11.0,chrome/test/data/encoding_tests/user_override/gb18030_with_iso88591_meta.html
11.0,third_party/mesa/MesaLib/src/gallium/auxiliary/draw/draw_pt_so_emit.c
11.0,third_party/mesa/MesaLib/docs/RELNOTES-4.0.1
11.0,third_party/mesa/MesaLib/src/gallium/drivers/svga/svga_sampler_view.c
11.0,third_party/mesa/MesaLib/src/gallium/auxiliary/util/u_format_s3tc.c
11.0,third_party/mesa/MesaLib/src/mesa/drivers/dri/i915/intel_tex_format.c
11.0,chrome/browser/printing/cloud_print/cloud_print_setup_flow.cc
11.0,third_party/tlslite/test/test.txt
11.0,third_party/mesa/MesaLib/src/gallium/drivers/cell/spu/spu_main.c
11.0,chrome/browser/autocomplete/autocomplete_edit_view_win.h
11.0,chrome/test/data/extensions/api_test/tabs/capture_visible_tab/test_png.html
11.0,third_party/mesa/MesaLib/src/mesa/tnl/tnl.h
11.0,chrome/test/data/dromaeo/tests/dom-modify.html
11.0,chrome/browser/chromeos/login/shutdown_button.cc
11.0,third_party/harfbuzz-ng/src/hb-open-type-private.hh
11.0,third_party/protobuf/src/google/protobuf/message_lite.h
11.0,third_party/mesa/MesaLib/src/glu/sgi/libnurbs/internals/sorter.cc
11.0,chrome/browser/defaults.cc
11.0,remoting/host/capturer_fake_ascii.h
11.0,jingle/notifier/listener/notification_constants.cc
11.0,net/data/cache_tests/insert_one2/index
11.0,chrome/common/extensions/docs/static/messaging.html
11.0,third_party/mesa/MesaLib/src/gallium/state_trackers/vega/asm_fill.h
11.0,o3d/samples/o3djs/performance.js
11.0,net/data/cache_tests/bad_entry/data_2
11.0,chrome/common/remoting/chromoting_host_info.cc
11.0,webkit/plugins/npapi/webplugin_print_delegate.cc
11.0,chrome/test/data/v8_benchmark/raytrace.js
11.0,chrome/browser/ui/gtk/tab_contents_drag_source.cc
11.0,chrome/app/theme/find_box_bg.png
11.0,third_party/mesa/MesaLib/src/mesa/drivers/dri/r300/radeon_span.h
11.0,chrome/browser/sync/notifier/DEPS
11.0,base/hmac.h
11.0,chrome/common/extensions/docs/static/index.html
11.0,chrome/test/live_sync/multiple_client_live_sessions_sync_test.cc
11.0,chrome/common/extensions/docs/examples/extensions/mappy/mappy_content_script.js
11.0,third_party/mesa/MesaLib/src/mesa/drivers/dri/unichrome/via_screen.c
11.0,third_party/mesa/MesaLib/src/mesa/state_tracker/st_texture.c
11.0,third_party/libxml/src/check-relaxng-test-suite2.py
11.0,third_party/mesa/MesaLib/src/mesa/main/texparam.h
11.0,third_party/mesa/MesaLib/src/mapi/glapi/gen/gl_API.dtd
11.0,third_party/mesa/MesaLib/src/mesa/x86/x86_xform4.S
11.0,media/filters/bitstream_converter.cc
11.0,chrome_frame/test/test_with_web_server.cc
11.0,chrome/test/live_sync/live_sessions_sync_test.h
11.0,third_party/expat/files/lib/expat_external.h
11.0,third_party/sqlite/src/src/auth.c
11.0,third_party/mesa/MesaLib/src/gallium/state_trackers/vega/api_context.c
11.0,chrome/browser/chromeos/login/eula_view.h
11.0,o3d/core/cross/gl/renderer_gl.h
11.0,media/base/media_format.cc
11.0,webkit/tools/test_shell/resources/test_shell.rc
11.0,chrome/browser/renderer_host/render_message_filter_gtk.cc
11.0,ppapi/example/example.html
11.0,third_party/mesa/MesaLib/src/gallium/drivers/svga/svgadump/svga_dump.py
11.0,chrome/app/resources/google_chrome_strings_hi.xtb
11.0,third_party/ocmock/OCMock/NSMethodSignature+OCMAdditions.m
11.0,third_party/mesa/MesaLib/src/mesa/drivers/dri/r128/server/r128_reg.h
11.0,chrome/browser/ui/gtk/gtk_custom_menu.cc
11.0,chrome/browser/resources/ssl_roadblock_icon.png
11.0,chrome/browser/translate/translate_infobar_delegate.h
11.0,chrome/browser/history/thumbnail_database_unittest.cc
11.0,third_party/mesa/MesaLib/src/mesa/tnl_dd/imm/t_dd_imm_capi.h
11.0,base/synchronization/lock.h
11.0,chrome/browser/renderer_host/database_message_filter.h
11.0,o3d/core/cross/image_utils.cc
11.0,third_party/mesa/MesaLib/src/mesa/Makefile
11.0,chrome/browser/ui/gtk/notifications/balloon_view_host_gtk.h
11.0,third_party/mesa/MesaLib/src/mesa/drivers/dri/r300/compiler/radeon_code.h
11.0,third_party/webdriver/py/selenium/remote/webdriver/utils.py
11.0,third_party/mesa/MesaLib/src/mesa/drivers/dri/r600/radeon_bo_legacy.c
11.0,chrome/browser/debugger/manual_tests/console-call-line-numbers.html
11.0,chrome/installer/setup/eula/oem_uk.html
11.0,third_party/bzip2/crctable.c
11.0,third_party/mesa/MesaLib/src/mesa/main/api_arrayelt.c
11.0,third_party/sqlite/src/test/count.test
11.0,third_party/sqlite/src/test/fts3ao.test
11.0,third_party/zlib/adler32.c
11.0,chrome/browser/chromeos/login/network_screen.cc
11.0,chrome/browser/sync/engine/download_updates_command.h
11.0,views/window/non_client_view.cc
11.0,chrome/test/data/extensions/api_test/browser_action/add_popup/a_popup.html
11.0,chrome/test/data/extensions/api_test/infobars/infobarB.html
11.0,chrome/test/data/media/player.html
11.0,third_party/webdriver/py/selenium/common/exceptions.py
11.0,chrome/common/extensions/docs/examples/apps/hello-python/index.yaml
11.0,chrome/app/resources/locale_settings_ru.xtb
11.0,third_party/mesa/MesaLib/docs/RELNOTES-3.5
11.0,chrome/test/data/extensions/api_test/tabs/connect/manifest.json
11.0,chrome/browser/ntp_background_util.cc
11.0,skia/ext/platform_device_linux.cc
11.0,ceee/ie/broker/webrequest_api_module.cc
11.0,chrome/browser/renderer_preferences_util.h
11.0,chrome/app/theme/infobarbutton_t_p.png
11.0,chrome/browser/instant/instant_loader.h
11.0,tools/measure_page_load_time/ie_bho/MeasurePageLoadTime.rc
11.0,webkit/glue/resources/search_magnifier.png
11.0,third_party/talloc/talloc.3.xml
11.0,chrome/browser/bug_report_util.cc
11.0,third_party/modp_b64/modp_b64_data.h
11.0,third_party/protobuf/src/google/protobuf/reflection_ops.cc
11.0,base/utf_string_conversion_utils.h
11.0,third_party/mesa/MesaLib/src/mesa/main/texfetch_tmp.h
11.0,third_party/mesa/MesaLib/src/glu/sgi/libnurbs/nurbtess/polyUtil.h
11.0,chrome/test/data/extensions/api_test/metrics/test.html
11.0,chrome/common/extensions/docs/examples/extensions/fx/options.html
11.0,third_party/mesa/MesaLib/src/mesa/swrast/s_aatritemp.h
11.0,third_party/talloc/libreplace/system/aio.h
11.0,base/message_pump_glib_x_dispatch.h
11.0,third_party/mesa/MesaLib/src/mesa/drivers/dri/r600/radeon_texture.h
11.0,webkit/plugins/npapi/test/plugin_npobject_lifetime_test.h
11.0,sandbox/src/eat_resolver.h
11.0,third_party/mesa/MesaLib/src/gallium/targets/xorg-vmwgfx/vmw_screen.c
11.0,chrome/test/render_view_test.h
11.0,chrome/test/data/constrained_files/openclose_two.html
11.0,net/base/openssl_private_key_store.h
11.0,third_party/tcmalloc/vendor/src/tests/heap-checker-death_unittest.sh
11.0,chrome/test/data/media/bear_silent.mp4
11.0,chrome/common/extensions/docs/docs.html
11.0,chrome/gpu/gpu_info_collector.h
11.0,ceee/ie/common/crash_reporter_unittest.cc
11.0,third_party/sqlite/src/ext/fts2/fts2.c
11.0,chrome_frame/np_proxy_service.cc
11.0,third_party/mesa/MesaLib/src/glu/sgi/libtess/alg-outline
11.0,chrome/browser/translate/languages_menu_model.h
11.0,third_party/libxml/src/trio.c
11.0,o3d/converter_edge/cross/verifier_main.cc
11.0,third_party/sqlite/src/test/fts2g.test
11.0,chrome/browser/sync/sync_ui_util_mac_unittest.mm
11.0,views/examples/textfield_example.h
11.0,third_party/mesa/MesaLib/src/mesa/swrast/s_span.c
11.0,chrome/browser/dom_ui/print_preview_handler.h
11.0,chrome/test/data/extensions/api_test/bookmarks/test.html
11.0,third_party/mesa/MesaLib/src/gallium/drivers/cell/spu/spu_main.h
11.0,third_party/zlib/inflate.c
11.0,third_party/hyphen/tests/conv.hyph
11.0,chrome/service/cloud_print/cloud_print_helpers.h
11.0,chrome/app/resources/platform_locale_settings/locale_settings_win_sl.xtb
11.0,third_party/lzma_sdk/Archive/7z/7zExtract.h
11.0,chrome/browser/extensions/extension_bookmark_manager_api.h
11.0,base/id_map.h
11.0,third_party/mesa/MesaLib/src/mesa/state_tracker/st_atom.h
11.0,chrome/test/data/extensions/subscribe_page_action/iframe.js
11.0,third_party/talloc/libtalloc.m4
11.0,chrome/browser/media_uitest.cc
11.0,net/data/cache_tests/remove_one3/data_2
11.0,chrome/renderer/page_load_histograms.cc
11.0,third_party/mesa/MesaLib/src/mesa/drivers/dri/r300/compiler/radeon_emulate_branches.h
11.0,chrome/test/data/extensions/webstore_private/browser_login/prompt_preferred.html
11.0,chrome/browser/ui/views/collected_cookies_win.cc
11.0,net/base/ev_root_ca_metadata.h
11.0,third_party/npapi/npspy/extern/nspr/md/_hpux32.cfg
11.0,webkit/glue/webcookie.cc
11.0,chrome/browser/automation/testing_automation_provider.cc
11.0,chrome/browser/net/pref_proxy_config_service.cc
11.0,third_party/tcmalloc/vendor/src/getpc.h
11.0,chrome/common/extensions/docs/examples/api/bookmarks/basic.zip
11.0,views/controls/menu/radio_button_image_gtk.h
11.0,third_party/mesa/MesaLib/src/mesa/drivers/dri/mach64/server/mach64_dri.h
11.0,third_party/mesa/MesaLib/src/mesa/state_tracker/st_atom_pixeltransfer.c
11.0,third_party/talloc/libreplace/README
11.0,ceee/common/windows_constants.cc
11.0,third_party/lcov/example/descriptions.txt
11.0,chrome/app/resources/platform_locale_settings/locale_settings_mac_fil.xtb
11.0,remoting/jingle_glue/ssl_socket_adapter.cc
11.0,chrome/test/data/extensions/api_test/tabs/on_updated/browserThenRendererInitiated/b.html
11.0,third_party/mesa/MesaLib/src/mesa/main/arrayobj.h
11.0,chrome/browser/ui/touch/frame/browser_non_client_frame_view_factory_touch.cc
11.0,third_party/sqlite/src/test/fts1m.test
11.0,chrome/app/theme/download_button_right_top_h.png
11.0,base/data/file_util_unittest/blank_line_crlf.txt
11.0,o3d/samples/box2d-3d/demos/draw_world.js
11.0,third_party/protobuf/src/google/protobuf/testdata/text_format_unittest_extensions_data.txt
11.0,chrome/browser/resources/login.html
11.0,base/third_party/purify/README.chromium
11.0,build/sanitize-win-build-log.sh
11.0,sandbox/src/policy_params.h
11.0,net/http/http_auth_sspi_win.h
11.0,third_party/sqlite/src/test/misuse.test
11.0,third_party/mesa/MesaLib/src/gallium/drivers/svga/svga_sampler_view.h
11.0,chrome/common/extensions/docs/manifest.html
11.0,third_party/mesa/MesaLib/configs/sunos5-v9-static
11.0,third_party/mesa/MesaLib/src/glu/sgi/libtess/mesh.h
11.0,net/base/pem_tokenizer.h
11.0,webkit/plugins/ppapi/var_object_class.cc
11.0,chrome/browser/extensions/extension_error_reporter.cc
11.0,net/data/cache_tests/bad_rankings2/data_0
11.0,chrome/test/data/profiles/custom_frame/Default/Preferences
11.0,chrome/gpu/gpu_info_unittest_win.cc
11.0,chrome/app/resources/platform_locale_settings/locale_settings_linux_fi.xtb
11.0,chrome/test/data/extensions/api_test/tabs/javascript_url_permissions/test.html
11.0,third_party/talloc/libreplace/getaddrinfo.c
11.0,net/third_party/nss/ssl/os2_err.c
11.0,chrome/test/data/extensions/api_test/browser_action/crash_57536/icon.png
11.0,third_party/hyphen/tests/alt3.hyph
11.0,third_party/sqlite/sqlite-poison.patch
11.0,chrome/renderer/renderer_webstoragearea_impl.h
11.0,chrome/browser/notifications/notification_object_proxy.cc
11.0,third_party/mesa/MesaLib/src/mesa/main/api_noop.c
11.0,views/examples/single_split_view_example.cc
11.0,third_party/mesa/MesaLib/src/egl/main/eglimage.c
11.0,chrome/browser/ui/views/local_storage_set_item_info_view.cc
11.0,third_party/protobuf/src/google/protobuf/testing/zcgzip.cc
11.0,net/proxy/proxy_bypass_rules.cc
11.0,chrome/test/data/valgrind/DIRECTORY_MOVED
11.0,base/scoped_temp_dir_unittest.cc
11.0,third_party/mesa/MesaLib/src/mesa/drivers/dri/tdfx/tdfx_dd.c
11.0,chrome/test/data/extensions/api_test/incognito/popup/popup.html
11.0,base/mac/os_crash_dumps.h
11.0,third_party/cld/encodings/internal/encodings.cc
11.0,chrome/test/data/encoding_tests/auto_detect/ISO-8859-5_with_no_encoding_specified.html
11.0,ui/base/dragdrop/drag_drop_types.h
11.0,chrome/test/data/extensions/devtools/timeline_api/manifest.json
11.0,chrome/app/theme/popup_window_animation.pdf
11.0,chrome/test/data/extensions/api_test/content_scripts/extension_process/background.html
11.0,chrome/test/data/interstitial_page/interstitial.html
11.0,ipc/ipc_param_traits.h
11.0,third_party/mesa/MesaLib/src/mesa/state_tracker/st_atom_sampler.c
11.0,chrome/browser/importer/profile_writer.cc
11.0,third_party/DEPS
11.0,chrome/test/data/indexeddb/object_store_test.js
11.0,third_party/tcmalloc/chromium/src/tests/heap-checker-death_unittest.sh
11.0,third_party/mesa/MesaLib/src/mesa/drivers/dri/common/vblank.h
11.0,breakpad/breakpad.gyp
11.0,gpu/command_buffer/common/bitfield_helpers.h
11.0,third_party/mesa/MesaLib/configs/hpux10-static
11.0,third_party/protobuf/src/google/protobuf/testing/file.cc
11.0,third_party/sqlite/src/tool/opcodeDoc.awk
11.0,chrome/test/data/dom_checker/automation.js
11.0,o3d/samples/beachdemo/shaders_cg/watershader.cg
11.0,chrome/app/theme/notification_battery_low.png
11.0,jingle/notifier/communicator/connection_settings.h
11.0,third_party/mesa/MesaLib/src/mesa/drivers/dri/intel/intel_batchbuffer.h
11.0,chrome/app/resources/google_chrome_strings_pt-BR.xtb
11.0,third_party/libevent/event_tagging.c
11.0,chrome/browser/ui/cocoa/options/content_exceptions_window_controller.mm
11.0,chrome/test/data/extensions/api_test/window_open/popup_blocking/extension/manifest.json
11.0,ppapi/documentation/Doxyfile
11.0,base/scoped_vector.h
11.0,third_party/mesa/MesaLib/src/gallium/state_trackers/wgl/stw_pixelformat.h
11.0,chrome/common/thumbnail_score.h
11.0,chrome/common/multi_process_lock_linux.cc
11.0,base/at_exit.h
11.0,o3d/samples/gpu2d/regression-tests/orientation-bug-2.svg
11.0,chrome/browser/ui/cocoa/html_dialog_window_controller_cppsafe.h
11.0,third_party/mesa/MesaLib/src/gallium/drivers/llvmpipe/lp_setup_vbuf.c
11.0,chrome_frame/test/data/CFInstall_basic.html
11.0,chrome/app/resources/terms/terms_am.html
11.0,skia/ext/vector_canvas_linux.cc
11.0,chrome/test/data/History/history_length_test_page_21.html
11.0,third_party/harfbuzz/src/harfbuzz-myanmar.c
11.0,net/data/ftp/dir-listing-ls-7.expected
11.0,webkit/blob/blob_storage_controller.h
11.0,chrome/browser/chromeos/dom_ui/core_chromeos_options_handler.h
11.0,net/http/http_auth_controller.h
11.0,chrome/browser/resources/shared/js/cr/ui/list_selection_model_test.html
11.0,o3d/tests/bitmap_test/jpeg-256x256.jpg
11.0,chrome/common/extensions/docs/examples/api/pageAction/pageaction_by_url/icon-128.png
11.0,third_party/tlslite/tlslite/utils/Python_RSAKey.py
11.0,sandbox/sandbox_poc/pocdll/network.cc
11.0,third_party/mesa/MesaLib/src/mesa/drivers/dri/mga/mgaregs.h
11.0,chrome/browser/ui/views/frame/browser_non_client_frame_view_factory_win.cc
11.0,third_party/protobuf/src/google/protobuf/generated_message_reflection.cc
11.0,third_party/mesa/MesaLib/src/mesa/drivers/dri/i965/intel_regions.c
11.0,sandbox/src/target_process.h
11.0,o3d/samples/o3d-webgl-samples/bubbles/third_party/jquery/css/jquery-ui-1.8.4.custom.css
11.0,third_party/sqlite/src/test/triggerA.test
11.0,third_party/mesa/MesaLib/src/glsl/ir_hierarchical_visitor.cpp
11.0,chrome/renderer/user_script_slave.h
11.0,gfx/point.h
11.0,net/third_party/gssapi/gssapi.h
11.0,gpu/command_buffer/service/command_buffer_service.h
11.0,chrome/test/chromeos/autotest/files/client/site_tests/desktopui_UITest/control.one
11.0,third_party/sqlite/src/test/select1.test
11.0,chrome/test/data/sunspider/regexp-dna.html
11.0,chrome/test/v8_unit_test.cc
11.0,third_party/mesa/MesaLib/src/mesa/drivers/dri/r600/evergreen_off.h
11.0,base/sync_socket_win.cc
11.0,webkit/tools/test_shell/simple_database_system.cc
11.0,webkit/tools/layout_tests/webkitpy/layout_tests/expectations_line_unittest.py
11.0,third_party/mesa/MesaLib/src/mesa/program/prog_cache.h
11.0,remoting/base/decompressor_verbatim.h
11.0,third_party/sqlite/src/test/collate8.test
11.0,chrome/test/data/npapi/plugin_read_page_redirect_src.html
11.0,chrome/installer/gcapi/resource.h
11.0,chrome/test/data/extensions/api_test/bookmark_manager/test.html
11.0,third_party/mesa/MesaLib/src/mapi/glapi/gen-es/gl_compare.py
11.0,third_party/mesa/MesaLib/src/gallium/winsys/i915/sw/SConscript
11.0,o3d/samples/o3djs/js_list.manifest
11.0,o3d/core/cross/error_status.h
11.0,chrome/app/resources/platform_locale_settings/locale_settings_cros_et.xtb
11.0,o3d/core/cross/service_locator.cc
11.0,ceee/ie/common/ie_tab_interfaces.h
11.0,chrome/test/pyautolib/pyauto_utils_test.py
11.0,chrome/installer/util/installer_util_unittests.rc
11.0,third_party/mesa/MesaLib/src/gallium/drivers/i965/brw_context.c
11.0,o3d/core/cross/weak_ptr_test.cc
11.0,chrome/browser/webdata/web_database_unittest.cc
11.0,net/http/url_security_manager_unittest.cc
11.0,net/tools/flip_server/balsa_headers_token_utils.h
11.0,chrome/installer/util/browser_distribution.cc
11.0,views/controls/combobox/combobox.cc
11.0,net/http/http_proxy_client_socket_pool.cc
11.0,third_party/mesa/MesaLib/src/gallium/auxiliary/tgsi/tgsi_iterate.c
11.0,chrome/app/theme/download_button_center_bottom.png
11.0,third_party/talloc/script/mksyms.sh
11.0,third_party/mesa/MesaLib/src/gallium/targets/graw-null/graw_null.c
11.0,chrome/installer/util/create_reg_key_work_item.cc
11.0,tools/site_compare/scrapers/chrome/__init__.py
11.0,chrome/test/data/english_page.html
11.0,chrome/app/theme/browser_action_p.png
11.0,third_party/mesa/MesaLib/src/gallium/drivers/cell/ppu/cell_public.h
11.0,chrome/common/extensions/docs/i18n.html
11.0,chrome/test/data/extensions/api_test/tts/enqueue/test.html
11.0,chrome_frame/test/data/CFInstance_no_src_host.html
11.0,chrome/third_party/jstemplate/tutorial_examples/03-environ.html
11.0,o3d/tests/selenium/tests/render-target-clear-test.html
11.0,chrome/browser/net/chrome_cookie_notification_details.h
11.0,chrome/browser/chromeos/dom_ui/login/mock_authenticator_facade_stub.h
11.0,chrome/browser/resources/shared/js/cr_test.html
11.0,third_party/cld/encodings/compact_lang_det/compact_lang_det_impl.h
11.0,third_party/mesa/MesaLib/src/gallium/drivers/softpipe/sp_fence.h
11.0,base/threading/thread_local_posix.cc
11.0,chrome/nacl/nacl_main_platform_delegate.h
11.0,third_party/libxml/src/include/libxml/SAX2.h
11.0,chrome_frame/test/data/full_tab_get_mshtml.html
11.0,tools/grit/grit/node/custom/__init__.py
11.0,third_party/sqlite/src/test/tester.tcl
11.0,chrome/browser/chromeos/native_dialog_window.h
11.0,third_party/mesa/MesaLib/src/gallium/auxiliary/util/u_linkage.h
11.0,third_party/mesa/MesaLib/src/gallium/auxiliary/gallivm/lp_bld_printf.h
11.0,chrome/browser/ui/views/edit_search_engine_dialog.cc
11.0,third_party/mesa/MesaLib/src/gallium/drivers/svga/svga_pipe_sampler.c
11.0,chrome/browser/ui/gtk/gtk_chrome_shrinkable_hbox_unittest.cc
11.0,webkit/plugins/npapi/plugin_instance.h
11.0,chrome/browser/accessibility/browser_accessibility_manager.cc
11.0,chrome/installer/mac/third_party/xz/xz.gyp
11.0,chrome/common/multi_process_lock_win.cc
11.0,chrome/common/appcache/appcache_dispatcher.cc
11.0,chrome/installer/mac/third_party/bsdiff/bsdiff.1
11.0,chrome/app/theme/chromeos_scroll_background_border_up.png
11.0,third_party/mesa/MesaLib/src/gallium/drivers/llvmpipe/lp_test_round.c
11.0,chrome/gpu/x_util.cc
11.0,tools/trace/trace_data.js
11.0,chrome/browser/ui/gtk/menu_gtk.h
11.0,chrome/app/theme/download_button_left_top_p.png
11.0,tools/valgrind/gtest_exclude/base_unittests.gtest.txt
11.0,chrome/common/content_settings_helper.h
11.0,chrome/browser/ui/gtk/ssl_client_certificate_selector.cc
11.0,third_party/mesa/MesaLib/src/mesa/drivers/dri/unichrome/via_span.c
11.0,chrome/browser/chromeos/login/captcha_view.h
11.0,third_party/tcmalloc/vendor/src/heap-profiler.cc
11.0,base/data/file_util_unittest/original.txt
11.0,views/controls/scrollbar/native_scroll_bar.cc
11.0,third_party/tcmalloc/vendor/src/profiledata.cc
11.0,third_party/sqlite/src/src/update.c
11.0,webkit/tools/test_shell/simple_webcookiejar_impl.h
11.0,chrome/test/data/extensions/storage_quota/limited_quota/1.0/manifest.json
11.0,third_party/mesa/MesaLib/src/mesa/vbo/vbo_split.h
11.0,chrome/test/data/profiles/custom_frame/Default/Visited
11.0,third_party/openmax/il/OMX_Video.h
11.0,gpu/demos/framework/window.h
11.0,chrome/test/data/v8_benchmark/README.txt
11.0,ceee/ie/testing/test_data/level_one_frame.html
11.0,gpu/gpu.gyp
11.0,chrome/browser/chrome_plugin_host.cc
11.0,chrome/browser/ui/views/tabs/browser_tab_strip_controller.h
11.0,webkit/appcache/appcache_histograms.cc
11.0,chrome/browser/resources/shared/js/parse_html_subset.js
11.0,third_party/sqlite/src/ext/fts1/simple_tokenizer.c
11.0,third_party/npapi/npspy/extern/nspr/prsystem.h
11.0,chrome/browser/password_manager/password_form_manager_unittest.cc
11.0,chrome/test/data/save_page/a.htm
11.0,chrome/browser/translate/translate_prefs.h
11.0,chrome/common/extensions/docs/examples/extensions/gdocs/options.html
11.0,o3d/samples/GoogleIO-2009/assets/style.css
11.0,chrome/test/data/extensions/permissions/unknown.pem
11.0,chrome/browser/chromeos/plugin_selection_policy_unittest.cc
11.0,third_party/mesa/MesaLib/src/gallium/drivers/svga/svga_tgsi.h
11.0,chrome/test/data/extensions/api_test/app_process/path4/empty.html
11.0,net/ftp/ftp_server_type_histograms.cc
11.0,webkit/plugins/ppapi/plugin_object.h
11.0,third_party/mesa/MesaLib/src/gallium/auxiliary/util/u_simple_shaders.h
11.0,chrome/browser/net/view_http_cache_job_factory.cc
11.0,net/data/ftp/dir-listing-ls-12
11.0,third_party/mesa/MesaLib/src/gallium/auxiliary/gallivm/lp_bld_gather.h
11.0,webkit/glue/resources/webkit_strings_fa.xtb
11.0,chrome/test/data/extensions/allow_silent_upgrade/hosts3_new.json
11.0,chrome/common/extensions/docs/examples/extensions/gdocs/js/jquery-1.4.1.min.js
11.0,third_party/mesa/MesaLib/src/mesa/program/nvvertparse.c
11.0,chrome/browser/ui/cocoa/notifications/balloon_view_bridge.h
11.0,net/http/url_security_manager_posix.cc
11.0,o3d/samples/o3d-webgl/render_node.js
11.0,third_party/libxslt/libxslt/attrvt.c
11.0,chrome/installer/util/google_update_settings.h
11.0,chrome/app/resources/platform_locale_settings/locale_settings_win_ar.xtb
11.0,net/data/cache_tests/insert_one3/data_3
11.0,chrome/browser/ui/gtk/options/passwords_exceptions_window_gtk.h
11.0,chrome/browser/chromeos/dom_ui/language_hangul_options_handler.cc
11.0,third_party/npapi/npspy/extern/java/interpreter.h
11.0,sandbox/src/win_utils_unittest.cc
11.0,third_party/mesa/MesaLib/src/gallium/state_trackers/egl/gdi/native_gdi.c
11.0,chrome/browser/ui/toolbar/wrench_menu_model.cc
11.0,third_party/libxml/src/include/libxml/xmlautomata.h
11.0,third_party/mesa/MesaLib/src/mesa/drivers/dri/unichrome/via_state.h
11.0,o3d/samples/shaders/bump.shader
11.0,third_party/sqlite/src/ext/fts1/fts1_hash.h
11.0,webkit/glue/resources/row_resize.cur
11.0,third_party/mesa/MesaLib/src/mesa/drivers/dri/r600/evergreen_blit.h
11.0,chrome/browser/history/history_marshaling.h
11.0,skia/ext/data/vectorcanvastest/bitmaps/bitmap_alpha.png
11.0,third_party/mesa/MesaLib/src/gallium/auxiliary/gallivm/lp_bld_tgsi.h
11.0,chrome_frame/metrics_service.cc
11.0,net/data/cache_tests/remove_one4/data_0
11.0,third_party/tcmalloc/chromium/src/debugallocation.cc
11.0,webkit/blob/blob_url_request_job_unittest.cc
11.0,sandbox/src/crosscall_server.cc
11.0,chrome/app/theme/vista_frame_throbber_04.ico
11.0,media/tools/player_wtl/movie.h
11.0,sandbox/src/window.cc
11.0,o3d/plugin/idl/stream.idl
11.0,third_party/mozilla/NSPasteboard+Utils.mm
11.0,chrome/app/resources/locale_settings_fi.xtb
11.0,third_party/npapi/npspy/extern/nspr/prerr.h
11.0,chrome/browser/status_icons/status_tray.cc
11.0,net/socket/client_socket_factory.cc
11.0,third_party/mesa/MesaLib/src/mesa/drivers/dri/r300/server/radeon_dri.h
11.0,remoting/client/extension/base.js
11.0,ceee/ie/plugin/scripting/userscripts_librarian.h
11.0,chrome/browser/printing/cloud_print/resources/cloud_print_setup_flow.js
11.0,remoting/host/differ_block.cc
11.0,ceee/testing/utils/test_utils.gyp
11.0,ppapi/proxy/var_serialization_rules.h
11.0,chrome/browser/extensions/extension_devtools_manager.h
11.0,net/base/cert_database.cc
11.0,third_party/sqlite/src/test/fuzz_malloc.test
11.0,o3d/samples/io/ui/book_page1.jpg
11.0,chrome/browser/themes/browser_theme_pack_unittest.cc
11.0,base/metrics/stats_table.cc
11.0,third_party/mesa/MesaLib/src/mesa/drivers/dri/i965/gen6_cc.c
11.0,chrome/browser/ui/cocoa/infobars/infobar_container_controller.mm
11.0,third_party/mesa/MesaLib/src/mesa/drivers/dri/i965/intel_tex_layout.c
11.0,third_party/tcmalloc/vendor/src/base/spinlock.h
11.0,chrome/common/gfx_resource_provider.cc
11.0,chrome/test/data/extensions/openssl_privkey_asn1.pem
11.0,third_party/mesa/MesaLib/src/mapi/glapi/glapi_x86-64.S
11.0,ceee/ie/broker/webnavigation_api_module.cc
11.0,chrome/browser/sync/protocol/preference_specifics.proto
11.0,chrome/tools/icudt38.dll
11.0,third_party/mesa/MesaLib/src/mesa/drivers/dri/r600/radeon_dma.h
11.0,chrome/browser/ssl/ssl_request_info.cc
11.0,chrome/browser/resources/options/options_page.css
11.0,chrome/test/data/reliability/known_crashes.txt
11.0,third_party/tcmalloc/vendor/src/base/linuxthreads.h
11.0,chrome/browser/ui/gtk/reload_button_gtk_unittest.cc
11.0,chrome/common/font_config_ipc_linux.cc
11.0,chrome/browser/resources/options/personal_options.js
11.0,chrome/common/bindings_policy.h
11.0,chrome/app/resources/platform_locale_settings/locale_settings_win_hr.xtb
11.0,chrome/browser/policy/configuration_policy_provider.h
11.0,third_party/npapi/npspy/include/profile.h
11.0,webkit/plugins/npapi/test/plugin_create_instance_in_paint.cc
11.0,gears/SConscript.libgd
11.0,chrome/test/data/extensions/image_loading_tracker/app.json
11.0,third_party/mesa/MesaLib/src/gallium/winsys/sw/wrapper/wrapper_sw_winsys.h
11.0,o3d/core/cross/gpu2d/local_triangulator.cc
11.0,chrome/common/extensions/docs/examples/apps/hello-php/main.css
11.0,tools/valgrind/suppressions.py
11.0,third_party/mesa/MesaLib/src/mesa/drivers/dri/intel/intel_pixel_copy.c
11.0,third_party/mesa/MesaLib/src/gallium/drivers/svga/svga_tgsi_insn.c
11.0,net/data/proxy_script_fetcher_unittest/gzipped_pac
11.0,ui/base/models/tree_model.cc
11.0,third_party/openmax/il/OMX_Core.h
11.0,third_party/sqlite/src/test/mallocG.test
11.0,chrome/browser/download/save_types.h
11.0,base/sha2.cc
11.0,third_party/mesa/MesaLib/src/glu/sgi/libnurbs/internals/trimvertpool.h
11.0,printing/backend/print_backend_cups.cc
11.0,chrome/common/extensions/docs/content_scripts.html
11.0,ceee/installer_dll/installer_helper.cc
11.0,third_party/mesa/MesaLib/src/mesa/program/arbprogparse.c
11.0,third_party/tcmalloc/chromium/src/central_freelist.cc
11.0,chrome/test/data/dom_automation/events/test.html
11.0,third_party/mesa/MesaLib/src/mapi/glapi/gen/Makefile
11.0,third_party/sqlite/src/test/triggerC.test
11.0,chrome/test/data/extensions/api_test/page_action/old_api/icon.png
11.0,third_party/sqlite/src/test/badutf.test
11.0,third_party/mesa/MesaLib/src/gallium/drivers/i965/brw_sf.h
11.0,chrome/common/extensions/extension_l10n_util.cc
11.0,chrome/test/data/encoding_tests/alias_mapping/ISO-8859-13.html
11.0,chrome_frame/test/automation_client_mock.cc
11.0,gpu/demos/demos.gyp
11.0,chrome_frame/ready_mode/internal/ready_mode_web_browser_adapter.cc
11.0,third_party/sqlite/src/test/shared3.test
11.0,chrome/app/resources/locale_settings_lv.xtb
11.0,chrome/test/data/extensions/api_test/proxy/individual/test.html
11.0,chrome/test/mini_installer_test/mini_installer_test_constants.cc
11.0,chrome/test/data/extensions/unpacker/invalid_messages_file/_locales/en_US/messages.json
11.0,skia/ext/data/vectorcanvastest/diagonallines/00_vc_nw-se.png
11.0,chrome/common/page_type.h
11.0,chrome/app/policy/policy_templates_fil.xtb
11.0,chrome/renderer/media/ipc_video_decoder.h
11.0,chrome/installer/setup/eula/oem_lt.html
11.0,chrome/browser/browser_child_process_host.cc
11.0,third_party/libxml/src/win32/Makefile.msvc
11.0,chrome/browser/ui/views/accessibility_event_router_views_unittest.cc
11.0,third_party/talloc/libreplace/system/iconv.h
11.0,views/touchui/gesture_manager.h
11.0,chrome/browser/importer/importer_messages_internal.h
11.0,net/http/mock_sspi_library_win.h
11.0,o3d/plugin/idl/counter.idl
11.0,chrome/installer/util/util_constants.h
11.0,chrome/browser/ui/cocoa/options/edit_search_engine_cocoa_controller.h
11.0,chrome/browser/ui/views/options/exception_editor_view.cc
11.0,chrome/browser/extensions/convert_user_script.h
11.0,chrome/common/pepper_file_messages.h
11.0,third_party/tlslite/patches/python26.patch
11.0,base/crypto/rsa_private_key_openssl.cc
11.0,chrome/browser/debugger/extension_ports_remote_service.cc
11.0,net/tools/dump_cache/url_utilities.cc
11.0,third_party/mesa/MesaLib/src/glu/sgi/libtess/dict-list.h
11.0,chrome/common/extensions/docs/examples/api/messaging/timer/clock.png
11.0,third_party/mesa/MesaLib/src/gallium/auxiliary/gallivm/lp_bld_init.c
11.0,third_party/simplejson/encoder.py
11.0,third_party/sqlite/attach-integer.patch
11.0,o3d/samples/vertex-shader-animation.html
11.0,chrome/browser/ui/views/bookmark_bar_view_test.cc
11.0,o3d/samples/gpu2d/regression-tests/curve-subdivision-bug-1.html
11.0,chrome/browser/ui/views/find_bar_host.cc
11.0,third_party/mesa/MesaLib/src/mapi/glapi/gen-es/gl_parse_header.py
11.0,net/base/x509_certificate_nss.cc
11.0,third_party/libxslt/libxslt/attributes.h
11.0,third_party/sqlite/src/test/update.test
11.0,ppapi/proxy/plugin_dispatcher.h
11.0,chrome/browser/ui/views/bookmark_context_menu_controller_views.cc
11.0,third_party/mesa/MesaLib/src/glsl/ir_if_simplification.cpp
11.0,third_party/libevent/evrpc.c
11.0,ceee/ie/broker/broker_rpc_client.h
11.0,skia/ext/convolver_unittest.cc
11.0,chrome/browser/sync/engine/net/syncapi_server_connection_manager.h
11.0,ppapi/cpp/var.cc
11.0,chrome/installer/setup/eula/oem_id.html
11.0,third_party/sqlite/src/test/fuzz_common.tcl
11.0,app/resources/app_locale_settings_zh-CN.xtb
11.0,webkit/appcache/appcache_url_request_job_unittest.cc
11.0,chrome/app/theme/find_next_h.png
11.0,chrome/browser/sync/glue/model_associator_mock.h
11.0,net/ocsp/nss_ocsp.h
11.0,chrome/browser/extensions/extension_rlz_module.h
11.0,third_party/mesa/MesaLib/src/mesa/drivers/dri/r600/r600_blit.c
11.0,third_party/talloc/libreplace/test/shared_mmap.c
11.0,chrome/browser/ui/views/tab_contents/tab_contents_view_gtk.cc
11.0,build/release.gypi
11.0,chrome/plugin/plugin_interpose_util_mac.mm
11.0,chrome/browser/app_controller_mac.mm
11.0,chrome/test/data/extensions/api_test/webrequest/api/test.html
11.0,third_party/sqlite/src/test/fts1i.test
11.0,chrome_frame/test/perf/run_all.cc
11.0,chrome/test/data/firefox3_nss/plc4.dll
11.0,third_party/mesa/MesaLib/src/gallium/auxiliary/tgsi/tgsi_transform.c
11.0,chrome/browser/ui/views/bubble_border.cc
11.0,chrome/common/notification_service_unittest.cc
11.0,chrome/browser/plugin_installer_infobar_delegate.cc
11.0,net/ftp/ftp_ctrl_response_buffer.h
11.0,chrome/browser/renderer_host/render_widget_host_view_views.cc
11.0,chrome_frame/chrome_frame_npapi.h
11.0,tools/heapcheck/chrome_tests.sh
11.0,chrome/browser/chromeos/login/authenticator.h
11.0,chrome/browser/ui/cocoa/focus_tracker.h
11.0,tools/traceline/traceline/syscall_map.h
11.0,o3d/plugin/npapi_host_control/win/np_plugin_proxy.h
11.0,third_party/mesa/MesaLib/docs/RELNOTES-5.0
11.0,third_party/mesa/MesaLib/src/glu/sgi/libnurbs/nurbtess/rectBlock.h
11.0,views/controls/link.cc
11.0,chrome/browser/automation/automation_provider_gtk.cc
11.0,chrome/test/data/printing/popup_delayed_print_child.htm
11.0,chrome/browser/geolocation/core_location_data_provider_mac.h
11.0,third_party/mesa/MesaLib/src/mesa/drivers/dri/r200/r200_blit.c
11.0,chrome/browser/autofill/autofill_text_field_mac.mm
11.0,chrome/browser/notifications/notification_options_menu_model.h
11.0,third_party/mesa/MesaLib/src/glu/sgi/libnurbs/internals/curvesub.cc
11.0,app/sql/DEPS
11.0,chrome/app/nibs/ContentBubbleGeolocation.xib
11.0,chrome/renderer/safe_browsing/features_unittest.cc
11.0,views/event_win.cc
11.0,chrome/test/data/printing/test1.html
11.0,chrome/test/data/encoding_tests/auto_detect/ISO-8859-6_with_no_encoding_specified.html
11.0,base/synchronization/waitable_event.h
11.0,chrome/renderer/loadtimes_extension_bindings.h
11.0,chrome/browser/ui/cocoa/importer/import_settings_dialog.mm
11.0,chrome/test/startup/feature_startup_test.cc
11.0,chrome/browser/ui/views/textfield_views.h
11.0,third_party/mesa/MesaLib/docs/RELNOTES-5.0.1
11.0,net/http/http_auth_handler_basic.cc
11.0,views/controls/button/native_button_gtk.cc
11.0,third_party/tcmalloc/vendor/doc/tcmalloc-opspercpusec.vs.threads.131072.bytes.png
11.0,third_party/mesa/MesaLib/src/gallium/auxiliary/tgsi/tgsi_build.c
11.0,third_party/mesa/MesaLib/src/gallium/drivers/identity/id_public.h
11.0,o3d/samples/beachdemo/shaders_cg/skydomeshader.cg
11.0,third_party/hyphen/tests/unicode.hyph
11.0,chrome/browser/geolocation/wifi_data_provider_common.cc
11.0,webkit/tools/leak_tests/test_lists/alexa_100.txt
11.0,chrome/app/theme/ntp_background.png
11.0,chrome/browser/resources/options/chromeos_accounts_user_name_edit.js
11.0,third_party/sqlite/src/test/lastinsert.test
11.0,chrome/installer/setup/eula/oem_fi.html
11.0,chrome/browser/resources/options/language_options.css
11.0,ceee/ie/plugin/bho/webnavigation_events_funnel.cc
11.0,chrome/browser/history/visit_database.cc
11.0,chrome/browser/ui/gtk/first_run_dialog.h
11.0,tools/code_coverage/coverage_posix.py
11.0,chrome/browser/sync/protocol/typed_url_specifics.proto
11.0,net/socket/ssl_client_socket_unittest.cc
11.0,third_party/mesa/MesaLib/src/gallium/include/pipe/p_context.h
11.0,chrome/browser/ui/cocoa/download/download_shelf_mac.h
11.0,third_party/hyphen/tests/compound3.hyph
11.0,chrome/browser/extensions/extension_webnavigation_apitest.cc
11.0,base/threading/platform_thread_unittest.cc
11.0,chrome/browser/ui/cocoa/importer/import_progress_dialog.mm
11.0,third_party/libevent/test/regress.rpc
11.0,webkit/tools/test_shell/drop_delegate.cc
11.0,chrome/profile_import/profile_import_thread.h
11.0,o3d/samples/procedural-texture.html
11.0,chrome/renderer/render_widget_browsertest.h
11.0,third_party/mesa/MesaLib/src/gallium/auxiliary/util/u_format_zs.c
11.0,o3d/build/o3d_in_chrome.gyp
11.0,third_party/mesa/MesaLib/configs/hpux11-64
11.0,chrome/browser/ui/views/tabs/tab_controller.h
11.0,chrome/browser/ui/cocoa/tabs/tab_strip_controller.h
11.0,net/base/test_root_certs.cc
11.0,webkit/glue/resources/pdf_button_fth_pressed.png
11.0,chrome/browser/ui/cocoa/applescript/tab_applescript.h
11.0,chrome/browser/sync/util/channel.h
11.0,third_party/mesa/MesaLib/src/mapi/glapi/gen/license.py
11.0,chrome/browser/ui/gtk/tabs/tab_strip_gtk.h
11.0,third_party/mesa/MesaLib/src/mesa/drivers/dri/radeon/server/radeon_dri.h
11.0,app/win/win_util.cc
11.0,chrome/browser/policy/file_based_policy_provider.cc
11.0,chrome/browser/notifications/notification_exceptions_table_model_unittest.cc
11.0,third_party/npapi/npspy/extern/java/jni.h
11.0,chrome/common/page_transition_types.h
11.0,third_party/mesa/MesaLib/src/gallium/state_trackers/wgl/stw_tls.h
11.0,o3d/compiler/glsl_validator/glsl_es/GLSL_ES.y
11.0,chrome/browser/extensions/execute_code_in_tab_function.cc
11.0,net/data/cache_tests/insert_load1/data_0
11.0,chrome/app/resources/google_chrome_strings_zh-CN.xtb
11.0,chrome/browser/tab_contents/background_contents.h
11.0,third_party/wtl/include/atlgdi.h
11.0,third_party/mesa/MesaLib/src/gallium/targets/egl/egl.c
11.0,skia/ext/skia_utils_mac_unittest.mm
11.0,chrome/test/data/translate/it/google_news.html
11.0,net/proxy/proxy_resolver_script_data.cc
11.0,base/sys_info_win.cc
11.0,chrome/browser/geolocation/device_data_provider.h
11.0,chrome/browser/chromeos/frame/bubble_window.cc
11.0,printing/backend/print_backend_consts.h
11.0,chrome/browser/ui/cocoa/download/download_util_mac.mm
11.0,chrome/test/data/dom_ui/test_api.js
11.0,third_party/mesa/MesaLib/src/gallium/state_trackers/vega/shaders_cache.c
11.0,third_party/sqlite/src/test/rollback.test
11.0,chrome/browser/images_uitest.cc
11.0,third_party/protobuf/src/google/protobuf/stubs/substitute.cc
11.0,net/data/cache_tests/bad_rankings3/data_2
11.0,sandbox/src/security_level.h
11.0,chrome/browser/ui/cocoa/task_manager_mac.mm
11.0,o3d/samples/hellocube-colors-glsl.html
11.0,chrome_frame/urlmon_url_request.cc
11.0,chrome/test/live_sync/two_client_live_passwords_sync_test.cc
11.0,base/event_recorder.cc
11.0,skia/ext/data/vectorcanvastest/circles/01_vc_circle_fill.png
11.0,third_party/lzma_sdk/Archive/7z/7zMethodID.c
11.0,chrome/browser/appcache/view_appcache_internals_job_factory.h
11.0,third_party/hyphen/tests/settings4.hyph
11.0,third_party/mesa/MesaLib/src/glu/sgi/libnurbs/internals/patchlist.h
11.0,chrome/test/chromeos/autotest/files/client/site_tests/desktopui_BrowserTest/control
11.0,ppapi/proxy/mock_resource.cc
11.0,third_party/libpng/pngrio.c
11.0,third_party/mesa/MesaLib/src/mesa/drivers/dri/r600/radeon_common_context.h
11.0,ppapi/proxy/ppapi_messages_internal.h
11.0,third_party/mesa/MesaLib/include/GL/vms_x_fix.h
11.0,chrome/browser/resources/login_ui.css
11.0,third_party/mesa/MesaLib/acinclude.m4
11.0,base/crypto/cssm_init.h
11.0,o3d/samples/gpu2d/regression-tests/curve-subdivision-bug-1.svg
11.0,sandbox/src/filesystem_policy.h
11.0,tools/valgrind/tsan/suppressions_mac.txt
11.0,chrome/app/theme/statusbar_battery14c.png
11.0,chrome/common/extensions/docs/examples/api/i18n/cld/manifest.json
11.0,chrome/test/data/gpu/webgl_teapot/teapot.html
11.0,chrome/app/theme/statusbar_battery10d.png
11.0,chrome/common/chrome_plugin_util.h
11.0,third_party/mesa/MesaLib/src/mesa/drivers/dri/r200/r200_ioctl.c
11.0,net/http/http_stream_request.h
11.0,third_party/mesa/MesaLib/src/mesa/drivers/dri/common/xmlpool.h
11.0,o3d/plugin/idl/draw_pass.idl
11.0,chrome/browser/resources/bookmark_manager/manifest.json
11.0,chrome/test/data/extensions/allow_silent_upgrade/hosts6_old.json
11.0,chrome/test/data/extensions/profiles/content_scripts10/Default/Extensions/ohmmlgjlmaadhojogadklhlidfpdeoca/1.0/manifest.json
11.0,gpu/demos/gles2_book/demo_stencil_test.cc
11.0,ppapi/cpp/module_impl.h
11.0,third_party/mesa/MesaLib/docs/RELNOTES-4.0.3
11.0,webkit/glue/resources/pdf_button_zoomout_pressed.png
11.0,webkit/glue/resources/webkit_strings_uk.xtb
11.0,third_party/apple_apsl/malloc.h
11.0,chrome/test/memory_test/memory_test.cc
11.0,third_party/tlslite/tlslite/FileObject.py
11.0,ppapi/proxy/ppb_audio_proxy.cc
11.0,o3d/core/cross/primitive.h
11.0,third_party/mesa/MesaLib/src/gallium/auxiliary/util/u_transfer.h
11.0,chrome/test/data/extensions/api_test/notifications/has_permission_manifest/manifest.json
11.0,sandbox/tests/common/controller.cc
11.0,chrome/browser/autocomplete/autocomplete_edit_view_views.cc
11.0,third_party/sqlite/src/test/select4.test
11.0,chrome/common/extensions/docs/examples/extensions/benchmark/jst/util.js
11.0,app/sql/statement_unittest.cc
11.0,o3d/core/cross/param.h
11.0,gpu/demos/gles2_book/demo_hello_triangle.cc
11.0,third_party/talloc/libreplace/Makefile.in
11.0,third_party/mesa/MesaLib/src/mesa/vbo/vbo_context.h
11.0,third_party/mongoose/mongoose.h
11.0,third_party/protobuf/src/google/protobuf/compiler/java/java_file.h
11.0,chrome/browser/ui/find_bar/find_bar_state.cc
11.0,app/win/shell.cc
11.0,chrome/browser/sync/engine/model_safe_worker.cc
11.0,chrome/test/data/encoding_tests/auto_detect/iso-8859-1_with_no_encoding_specified.html
11.0,ppapi/cpp/private/flash.cc
11.0,ppapi/tests/test_file_ref.h
11.0,third_party/npapi/npspy/windows/gui_advanced.cpp
11.0,base/win/scoped_gdi_object.h
11.0,third_party/zlib/infback.c
11.0,chrome/browser/resources/webstore_app/manifest.json
11.0,third_party/talloc/libreplace/samba.m4
11.0,chrome/browser/safe_browsing/client_side_detection_service.cc
11.0,third_party/zlib/zlib.gyp
11.0,chrome_frame/chrome_frame_unittest_main.cc
11.0,third_party/mesa/MesaLib/src/mapi/es1api/Makefile
11.0,chrome/test/data/extensions/app_dot_com_app/manifest.json
11.0,chrome/tools/build/win/scan_server_dlls.py
11.0,webkit/plugins/npapi/plugin_list.h
11.0,chrome/browser/accessibility/browser_accessibility_state.cc
11.0,tools/grit/grit/tool/newgrd.py
11.0,remoting/protocol/client_control_sender.cc
11.0,ppapi/cpp/var.h
11.0,chrome/third_party/launchpad_translations/chromium_strings_es.xtb
11.0,chrome_frame/test/data/chrome_frame_window_open.html
11.0,o3d/plugin/idl/idl.gyp
11.0,third_party/mesa/MesaLib/src/mesa/drivers/dri/r600/evergreen_chip.h
11.0,chrome/browser/dom_ui/ntp_login_handler.cc
11.0,chrome/app/theme/statusbar_network_warning.png
11.0,third_party/hyphen/tests/compound.hyph
11.0,chrome/browser/prefs/pref_service.h
11.0,chrome/browser/extensions/sandboxed_extension_unpacker_unittest.cc
11.0,chrome/test/data/autofill_heuristics/input/form_pt.html
11.0,third_party/protobuf/src/google/protobuf/compiler/package_info.h
11.0,chrome/app/theme/tab_drop_up.png
11.0,chrome/test/data/extensions/api_test/page_action/remove_popup/icon.png
11.0,chrome/browser/content_settings/policy_content_settings_provider.cc
11.0,chrome/browser/search_engines/edit_search_engine_controller.h
11.0,chrome/browser/ui/gtk/owned_widget_gtk.cc
11.0,o3d/core/cross/gpu2d/interval_tree.h
11.0,chrome/app/theme/chromeos_scroll_background_border_down.png
11.0,third_party/libevent/LICENSE
11.0,chrome/browser/chromeos/cros/speech_synthesis_library.h
11.0,third_party/mesa/MesaLib/src/mesa/drivers/dri/i965/brw_vs_constval.c
11.0,third_party/sqlite/src/src/vtab.c
11.0,chrome/app/theme/chromium/product_logo_48.png
11.0,third_party/mesa/MesaLib/src/gallium/winsys/r600/drm/gen_r600_states.py
11.0,chrome/browser/custom_home_pages_table_model.h
